Test Time,243
Test Time,276
Test Time,212
Test Time,206
Test Time,203
Test Time,215
Test Time,237
Test Time,245
Test Time,293
Test Time,272
Test Time,279
Test Time,207
Test Time,210
Test Time,210
Test Time,635
Test Time,203
Test Time,316
Test Time,308
Test Time,209
Test Time,280
Test Time,247
Test Time,193
Test Time,209
Test Time,237
Test Time,255
Test Time,187
Test Time,222
Test Time,201
Test Time,233
Test Time,187
Test Time,189
Test Time,208
Test Time,237
Test Time,193
Test Time,178
Test Time,189
Test Time,181
Test Time,253
Test Time,239
Test Time,230
Test Time,208
Test Time,199
Test Time,182
Test Time,191
Test Time,187
Test Time,186
Test Time,241
Test Time,215
Test Time,185
Test Time,261
95% of the tests take less than 241ms
100% of tests take less than 900ms
Average Time,222.62
Minimum Time,178
Maximum Time,635
